{
  "Link Color" : {
    "Red Component" : 0,
    "Color Space" : "sRGB",
    "Blue Component" : 0.73423302173614502,
    "Alpha Component" : 1,
    "Green Component" : 0.35916060209274292
  },
  "Tags" : [

  ],
  "Ansi 12 Color" : {
    "Green Component" : 0.74901962280273438,
    "Red Component" : 0.58039218187332153,
    "Blue Component" : 0.9529411792755127
  },
  "Ansi 7 Color" : {
    "Green Component" : 0.86274510622024536,
    "Red Component" : 0.86274510622024536,
    "Blue Component" : 0.80000001192092896
  },
  "Ansi 8 Color" : {
    "Green Component" : 0.56470590829849243,
    "Red Component" : 0.43921568989753723,
    "Blue Component" : 0.50196081399917603
  },
  "Bold Color" : {
    "Green Component" : 0.86274510622024536,
    "Red Component" : 0.86274510622024536,
    "Blue Component" : 0.80000001192092896
  },
  "Ansi 9 Color" : {
    "Green Component" : 0.63921570777893066,
    "Red Component" : 0.86274510622024536,
    "Blue Component" : 0.63921570777893066
  },
  "Horizontal Spacing" : 0.80000000000000004,
  "Right Option Key Sends" : 0,
  "Rows" : 25,
  "Default Bookmark" : "No",
  "Blend" : 0.20256068214297507,
  "Cursor Guide Color" : {
    "Red Component" : 0.70213186740875244,
    "Color Space" : "sRGB",
    "Blue Component" : 1,
    "Alpha Component" : 0.25,
    "Green Component" : 0.9268307089805603
  },
  "Non-ASCII Anti Aliased" : true,
  "Use Bright Bold" : true,
  "Ansi 10 Color" : {
    "Green Component" : 0.74901962280273438,
    "Red Component" : 0.76470589637756348,
    "Blue Component" : 0.62352943420410156
  },
  "Ambiguous Double Width" : false,
  "Jobs to Ignore" : [
    "rlogin",
    "ssh",
    "slogin",
    "telnet"
  ],
  "Ansi 15 Color" : {
    "Green Component" : 1,
    "Red Component" : 1,
    "Blue Component" : 1
  },
  "Foreground Color" : {
    "Green Component" : 0.86274510622024536,
    "Red Component" : 0.86274510622024536,
    "Blue Component" : 0.80000001192092896
  },
  "Working Directory" : "\/Users\/wilson",
  "Blinking Cursor" : false,
  "Disable Window Resizing" : true,
  "Sync Title" : false,
  "Prompt Before Closing 2" : false,
  "BM Growl" : true,
  "Command" : "",
  "Description" : "Default",
  "Smart Cursor Color" : true,
  "Mouse Reporting" : true,
  "Screen" : -1,
  "Selection Color" : {
    "Green Component" : 0.19607843458652496,
    "Red Component" : 0.12941177189350128,
    "Blue Component" : 0.18431372940540314
  },
  "Columns" : 80,
  "Idle Code" : 0,
  "Background Image Mode" : 3,
  "Ansi 13 Color" : {
    "Green Component" : 0.57647061347961426,
    "Red Component" : 0.92549020051956177,
    "Blue Component" : 0.82745099067687988
  },
  "Custom Command" : "No",
  "ASCII Anti Aliased" : true,
  "Non Ascii Font" : "InconsolataForPowerline 16",
  "Vertical Spacing" : 1,
  "Use Bold Font" : true,
  "Option Key Sends" : 2,
  "Selected Text Color" : {
    "Green Component" : 0.84705883264541626,
    "Red Component" : 0.7607843279838562,
    "Blue Component" : 0.47843137383460999
  },
  "Background Color" : {
    "Red Component" : 0,
    "Color Space" : "sRGB",
    "Blue Component" : 0,
    "Alpha Component" : 1,
    "Green Component" : 0
  },
  "Character Encoding" : 4,
  "Ansi 11 Color" : {
    "Green Component" : 0.81176470588235294,
    "Red Component" : 0.8784313725490196,
    "Blue Component" : 0.62352941176470589
  },
  "Use Italic Font" : true,
  "Unlimited Scrollback" : false,
  "Keyboard Map" : {
    "0xf700-0x260000" : {
      "Text" : "[1;6A",
      "Action" : 10
    },
    "0x37-0x40000" : {
      "Text" : "0x1f",
      "Action" : 11
    },
    "0x32-0x40000" : {
      "Text" : "0x00",
      "Action" : 11
    },
    "0xf709-0x20000" : {
      "Text" : "[17;2~",
      "Action" : 10
    },
    "0xf70c-0x20000" : {
      "Text" : "[20;2~",
      "Action" : 10
    },
    "0xf729-0x20000" : {
      "Text" : "[1;2H",
      "Action" : 10
    },
    "0xf72b-0x40000" : {
      "Text" : "[1;5F",
      "Action" : 10
    },
    "0xf705-0x20000" : {
      "Text" : "[1;2Q",
      "Action" : 10
    },
    "0xf703-0x260000" : {
      "Text" : "[1;6C",
      "Action" : 10
    },
    "0xf700-0x220000" : {
      "Text" : "[1;2A",
      "Action" : 10
    },
    "0xf701-0x280000" : {
      "Text" : "0x1b 0x1b 0x5b 0x42",
      "Action" : 11
    },
    "0x38-0x40000" : {
      "Text" : "0x7f",
      "Action" : 11
    },
    "0x33-0x40000" : {
      "Text" : "0x1b",
      "Action" : 11
    },
    "0xf703-0x220000" : {
      "Text" : "[1;2C",
      "Action" : 10
    },
    "0xf701-0x240000" : {
      "Text" : "[1;5B",
      "Action" : 10
    },
    "0xf70d-0x20000" : {
      "Text" : "[21;2~",
      "Action" : 10
    },
    "0xf702-0x260000" : {
      "Text" : "[1;6D",
      "Action" : 10
    },
    "0xf729-0x40000" : {
      "Text" : "[1;5H",
      "Action" : 10
    },
    "0xf706-0x20000" : {
      "Text" : "[1;2R",
      "Action" : 10
    },
    "0x34-0x40000" : {
      "Text" : "0x1c",
      "Action" : 11
    },
    "0xf700-0x280000" : {
      "Text" : "0x1b 0x1b 0x5b 0x41",
      "Action" : 11
    },
    "0x2d-0x40000" : {
      "Text" : "0x1f",
      "Action" : 11
    },
    "0xf70e-0x20000" : {
      "Text" : "[23;2~",
      "Action" : 10
    },
    "0xf702-0x220000" : {
      "Text" : "[1;2D",
      "Action" : 10
    },
    "0xf703-0x280000" : {
      "Text" : "f",
      "Action" : 10
    },
    "0xf700-0x240000" : {
      "Text" : "[1;5A",
      "Action" : 10
    },
    "0xf707-0x20000" : {
      "Text" : "[1;2S",
      "Action" : 10
    },
    "0xf70a-0x20000" : {
      "Text" : "[18;2~",
      "Action" : 10
    },
    "0x35-0x40000" : {
      "Text" : "0x1d",
      "Action" : 11
    },
    "0xf70f-0x20000" : {
      "Text" : "[24;2~",
      "Action" : 10
    },
    "0xf703-0x240000" : {
      "Text" : "[1;5C",
      "Action" : 10
    },
    "0x7a-0x80000" : {
      "Text" : "fg\\n",
      "Action" : 12
    },
    "0x7f-0x80000" : {
      "Text" : "0x17",
      "Action" : 11
    },
    "0xf701-0x260000" : {
      "Text" : "[1;6B",
      "Action" : 10
    },
    "0xf702-0x280000" : {
      "Text" : "b",
      "Action" : 10
    },
    "0xf72b-0x20000" : {
      "Text" : "[1;2F",
      "Action" : 10
    },
    "0x36-0x40000" : {
      "Text" : "0x1e",
      "Action" : 11
    },
    "0xf708-0x20000" : {
      "Text" : "[15;2~",
      "Action" : 10
    },
    "0xf701-0x220000" : {
      "Text" : "[1;2B",
      "Action" : 10
    },
    "0xf70b-0x20000" : {
      "Text" : "[19;2~",
      "Action" : 10
    },
    "0xf702-0x240000" : {
      "Text" : "[1;5D",
      "Action" : 10
    },
    "0xf704-0x20000" : {
      "Text" : "[1;2P",
      "Action" : 10
    }
  },
  "Window Type" : 0,
  "Use HFS Plus Mapping" : false,
  "Blur" : false,
  "Badge Color" : {
    "Red Component" : 1,
    "Color Space" : "sRGB",
    "Blue Component" : 0,
    "Alpha Component" : 0.5,
    "Green Component" : 0.1491314172744751
  },
  "Scrollback Lines" : 1000,
  "Send Code When Idle" : false,
  "Close Sessions On End" : true,
  "Terminal Type" : "xterm-256color",
  "Visual Bell" : true,
  "Flashing Bell" : false,
  "Silence Bell" : false,
  "Ansi 14 Color" : {
    "Green Component" : 0.87843137979507446,
    "Red Component" : 0.57647061347961426,
    "Blue Component" : 0.89019608497619629
  },
  "ASCII Ligatures" : false,
  "Name" : "Default",
  "Background Image Is Tiled" : false,
  "Cursor Text Color" : {
    "Green Component" : 0,
    "Red Component" : 0,
    "Blue Component" : 0
  },
  "Shortcut" : "",
  "Cursor Color" : {
    "Green Component" : 0.38823530077934265,
    "Red Component" : 0.45098039507865906,
    "Blue Component" : 0.35294118523597717
  },
  "Transparency" : 0,
  "Ansi 1 Color" : {
    "Green Component" : 0.31372550129890442,
    "Red Component" : 0.43921568989753723,
    "Blue Component" : 0.31372550129890442
  },
  "Ansi 2 Color" : {
    "Green Component" : 0.70588237047195435,
    "Red Component" : 0.37647059559822083,
    "Blue Component" : 0.54117649793624878
  },